anio,cultivo,superficie_sembrada_ha,superficie_cosechada_ha,produccion_t,rendimiento_kg_ha,precio_chacra_soles_kg,precipitacion_mm_prom_ica,temp_max_c_prom_ica,temp_min_c_prom_ica
2020,Aceituna,,1543.0,6862.67,4447.615035644848,3.316483963238798,0.017523053420288478,29.24518545226556,13.02798579572429
2021,Aceituna,,1543.0,5754.47,3729.403758911212,2.9954699563991123,0.017523053420288478,29.24518545226556,13.02798579572429
2022,Aceituna,,1656.5,5905.099999999999,3564.8053124056746,3.475428019847251,0.017523053420288478,29.24518545226556,13.02798579572429
2023,Aceituna,,1669.2,5583.45,3344.98562185478,3.9435927607482824,0.017523053420288478,29.24518545226556,13.02798579572429
2020,Acelga,0.0,0.0,0.0,0.0,0.0,0.017523053420288478,29.24518545226556,13.02798579572429
2021,Acelga,0.0,0.0,0.0,0.0,0.0,0.017523053420288478,29.24518545226556,13.02798579572429
2022,Acelga,7.0,7.0,39.21,5601.428571428572,1.1331548074470796,0.017523053420288478,29.24518545226556,13.02798579572429
2023,Acelga,33.0,37.0,246.5,6662.1621621621625,1.2,0.017523053420288478,29.24518545226556,13.02798579572429
2020,Achiote,,0.0,0.0,0.0,0.0,0.017523053420288478,29.24518545226556,13.02798579572429
2021,Achiote,,0.0,0.0,0.0,0.0,0.017523053420288478,29.24518545226556,13.02798579572429
2022,Achiote,,0.0,0.0,0.0,0.0,0.017523053420288478,29.24518545226556,13.02798579572429
2023,Achiote,,0.0,0.0,0.0,0.0,0.017523053420288478,29.24518545226556,13.02798579572429
2021,Aguaje,,0.0,0.0,0.0,0.0,0.017523053420288478,29.24518545226556,13.02798579572429
2021,Aguaymanto,,0.0,0.0,0.0,0.0,0.017523053420288478,29.24518545226556,13.02798579572429
2020,Ajo,1.0,2.0,22.1,11050.0,4.914027149321266,0.017523053420288478,29.24518545226556,13.02798579572429
2021,Ajo,0.0,0.0,0.0,0.0,0.0,0.017523053420288478,29.24518545226556,13.02798579572429
2022,Ajo,0.0,0.0,0.0,0.0,0.0,0.017523053420288478,29.24518545226556,13.02798579572429
2023,Ajo,2.0,2.0,8.5,4250.0,2.8,0.017523053420288478,29.24518545226556,13.02798579572429
2020,Ají,303.0,310.0,6631.1900000000005,21390.93548387097,1.648080661238782,0.017523053420288478,29.24518545226556,13.02798579572429
2021,Ají,308.0,331.0,7551.072,22812.906344410876,1.2138961064071432,0.017523053420288478,29.24518545226556,13.02798579572429
2022,Ají,274.0,256.0,5817.33,22723.9453125,1.5255013898128522,0.017523053420288478,29.24518545226556,13.02798579572429
2023,Ají,343.5,390.5,14634.77,37477.00384122919,1.3837221220422322,0.017523053420288478,29.24518545226556,13.02798579572429
2020,Albahaca,64.5,66.0,398.16999999999996,6032.878787878787,0.9176206143104704,0.017523053420288478,29.24518545226556,13.02798579572429
2021,Albahaca,73.0,76.0,437.34000000000003,5754.473684210527,0.9168957790277587,0.017523053420288478,29.24518545226556,13.02798579572429
2022,Albahaca,53.0,49.0,312.59999999999997,6379.591836734694,1.1473000639795268,0.017523053420288478,29.24518545226556,13.02798579572429
2023,Albahaca,68.0,64.0,413.3,6457.8125,1.2,0.017523053420288478,29.24518545226556,13.02798579572429
2020,Alcachofa,,1130.0,23312.8,20630.796460176993,4.192003534538966,0.017523053420288478,29.24518545226556,13.02798579572429
2021,Alcachofa,,1402.0,27500.2,19614.978601997147,4.078673973280194,0.017523053420288478,29.24518545226556,13.02798579572429
2022,Alcachofa,,1270.0,25287.8,19911.653543307086,4.397883722585595,0.017523053420288478,29.24518545226556,13.02798579572429
2023,Alcachofa,,2440.0,45960.0,18836.06557377049,3.9944436466492603,0.017523053420288478,29.24518545226556,13.02798579572429
2020,Alfalfa,,5720.79,135152.818,23624.852162026575,0.2667680456355708,0.017523053420288478,29.24518545226556,13.02798579572429
2021,Alfalfa,,6029.47,146440.98700000002,24287.53887157578,0.2529007606319943,0.017523053420288478,29.24518545226556,13.02798579572429
2022,Alfalfa,,6501.38,150555.88,23157.52655590044,0.3189245873359446,0.017523053420288478,29.24518545226556,13.02798579572429
2023,Alfalfa,,7398.49,167402.13999999998,22626.52784554686,0.3354918634851382,0.017523053420288478,29.24518545226556,13.02798579572429
2020,Algodón,6190.4,,,,,0.017523053420288478,29.24518545226556,13.02798579572429
2020,Algodón rama,,3989.9300000000003,11148.646999999997,2794.1961387793763,2.886396944849003,0.017523053420288478,29.24518545226556,13.02798579572429
2021,Algodón rama,6190.4,2913.0,7367.110999999999,2529.046000686577,4.665153114972749,0.017523053420288478,29.24518545226556,13.02798579572429
2022,Algodón rama,3452.6,5670.74,16307.820000000003,2875.783407456523,6.5953272479092835,0.017523053420288478,29.24518545226556,13.02798579572429
2023,Algodón rama,6539.0,7812.759999999999,21164.080000000005,2708.912087405732,3.2768932833366713,0.017523053420288478,29.24518545226556,13.02798579572429
2020,Anona,,0.0,0.0,0.0,0.0,0.017523053420288478,29.24518545226556,13.02798579572429
2021,Anona,,0.0,0.0,0.0,0.0,0.017523053420288478,29.24518545226556,13.02798579572429
2022,Anona,,0.0,0.0,0.0,0.0,0.017523053420288478,29.24518545226556,13.02798579572429
2023,Anona,,0.0,0.0,0.0,0.0,0.017523053420288478,29.24518545226556,13.02798579572429
2020,Apio,9.5,4.5,27.609999999999996,6135.555555555555,0.8933067729083668,0.017523053420288478,29.24518545226556,13.02798579572429
2021,Apio,0.0,0.0,0.0,0.0,0.0,0.017523053420288478,29.24518545226556,13.02798579572429
2022,Apio,0.0,0.0,0.0,0.0,0.0,0.017523053420288478,29.24518545226556,13.02798579572429
2023,Apio,0.0,0.0,0.0,0.0,0.0,0.017523053420288478,29.24518545226556,13.02798579572429
2020,Arandanos,,480.69,4159.910000000001,8654.038985624833,7.101023820226878,0.017523053420288478,29.24518545226556,13.02798579572429
2021,Arandanos,,2179.19,18648.4,8557.491545023611,6.6356592253956155,0.017523053420288478,29.24518545226556,13.02798579572429
2022,Arandanos,,1771.0,23667.3,13363.805759457933,8.826151507193424,0.017523053420288478,29.24518545226556,13.02798579572429
2023,Arandanos,,1772.2,27508.75,15522.373321295565,10.759372966693103,0.017523053420288478,29.24518545226556,13.02798579572429
2020,Arracacha,0.0,0.0,0.0,0.0,0.0,0.017523053420288478,29.24518545226556,13.02798579572429
2021,Arracacha,0.0,0.0,0.0,0.0,0.0,0.017523053420288478,29.24518545226556,13.02798579572429
2022,Arracacha,0.0,0.0,0.0,0.0,0.0,0.017523053420288478,29.24518545226556,13.02798579572429
2023,Arracacha,0.0,0.0,0.0,0.0,0.0,0.017523053420288478,29.24518545226556,13.02798579572429
2020,Arroz,0.0,,,,,0.017523053420288478,29.24518545226556,13.02798579572429
2020,Arroz cáscara,,0.0,0.0,0.0,0.0,0.017523053420288478,29.24518545226556,13.02798579572429
2021,Arroz cáscara,0.0,0.0,0.0,0.0,0.0,0.017523053420288478,29.24518545226556,13.02798579572429
2022,Arroz cáscara,0.0,0.0,0.0,0.0,0.0,0.017523053420288478,29.24518545226556,13.02798579572429
2023,Arroz cáscara,0.0,0.0,0.0,0.0,0.0,0.017523053420288478,29.24518545226556,13.02798579572429
2020,Arveja grano seco,0.0,0.0,0.0,0.0,0.0,0.017523053420288478,29.24518545226556,13.02798579572429
2021,Arveja grano seco,0.0,0.0,0.0,0.0,0.0,0.017523053420288478,29.24518545226556,13.02798579572429
2022,Arveja grano seco,0.0,0.0,0.0,0.0,0.0,0.017523053420288478,29.24518545226556,13.02798579572429
2023,Arveja grano seco,0.0,0.0,0.0,0.0,0.0,0.017523053420288478,29.24518545226556,13.02798579572429
2020,Arveja grano verde,121.0,123.0,444.869,3616.8211382113823,2.4834085989358665,0.017523053420288478,29.24518545226556,13.02798579572429
2021,Arveja grano verde,97.5,95.5,327.13300000000004,3425.476439790576,3.164877160054167,0.017523053420288478,29.24518545226556,13.02798579572429
2022,Arveja grano verde,93.0,99.0,351.77000000000004,3553.2323232323233,3.3125593427523663,0.017523053420288478,29.24518545226556,13.02798579572429
2023,Arveja grano verde,91.0,87.5,285.33,3260.9142857142856,2.986703115690604,0.017523053420288478,29.24518545226556,13.02798579572429
2020,Avena forrajera,0.0,0.0,0.0,0.0,0.0,0.017523053420288478,29.24518545226556,13.02798579572429
2021,Avena forrajera,0.0,0.0,0.0,0.0,0.0,0.017523053420288478,29.24518545226556,13.02798579572429
2022,Avena forrajera,0.0,0.0,0.0,0.0,0.0,0.017523053420288478,29.24518545226556,13.02798579572429
2023,Avena forrajera,0.0,0.0,0.0,0.0,0.0,0.017523053420288478,29.24518545226556,13.02798579572429
2020,Avena grano,0.0,0.0,0.0,0.0,0.0,0.017523053420288478,29.24518545226556,13.02798579572429
2021,Avena grano,0.0,0.0,0.0,0.0,0.0,0.017523053420288478,29.24518545226556,13.02798579572429
2022,Avena grano,0.0,0.0,0.0,0.0,0.0,0.017523053420288478,29.24518545226556,13.02798579572429
2023,Avena grano,0.0,0.0,0.0,0.0,0.0,0.017523053420288478,29.24518545226556,13.02798579572429
2020,Betarraga,56.0,59.0,333.84000000000003,5658.305084745763,0.9824436855978911,0.017523053420288478,29.24518545226556,13.02798579572429
2021,Betarraga,66.0,66.0,385.73999999999995,5844.545454545454,0.9882449318193601,0.017523053420288478,29.24518545226556,13.02798579572429
2022,Betarraga,44.0,41.0,249.15,6076.829268292683,1.1725466586393738,0.017523053420288478,29.24518545226556,13.02798579572429
2023,Betarraga,57.0,59.0,392.8,6657.627118644067,1.1836812627291242,0.017523053420288478,29.24518545226556,13.02798579572429
2020,Braquearia,,0.0,0.0,0.0,0.0,0.017523053420288478,29.24518545226556,13.02798579572429
2021,Braquearia,,0.0,0.0,0.0,0.0,0.017523053420288478,29.24518545226556,13.02798579572429
2022,Braquearia,,0.0,0.0,0.0,0.0,0.017523053420288478,29.24518545226556,13.02798579572429
2023,Braquearia,,0.0,0.0,0.0,0.0,0.017523053420288478,29.24518545226556,13.02798579572429
2020,Brócoli,0.0,0.0,0.0,0.0,0.0,0.017523053420288478,29.24518545226556,13.02798579572429
2021,Brócoli,0.0,0.0,0.0,0.0,0.0,0.017523053420288478,29.24518545226556,13.02798579572429
2022,Brócoli,0.0,0.0,0.0,0.0,0.0,0.017523053420288478,29.24518545226556,13.02798579572429
2023,Brócoli,0.0,0.0,0.0,0.0,0.0,0.017523053420288478,29.24518545226556,13.02798579572429
2020,Cacao,,0.0,0.0,0.0,0.0,0.017523053420288478,29.24518545226556,13.02798579572429
2021,Cacao,,0.0,0.0,0.0,0.0,0.017523053420288478,29.24518545226556,13.02798579572429
2022,Cacao,,0.0,0.0,0.0,0.0,0.017523053420288478,29.24518545226556,13.02798579572429
2023,Cacao,,0.0,0.0,0.0,0.0,0.017523053420288478,29.24518545226556,13.02798579572429
2020,Café pergamino,,0.0,0.0,0.0,0.0,0.017523053420288478,29.24518545226556,13.02798579572429
2021,Café pergamino,,0.0,0.0,0.0,0.0,0.017523053420288478,29.24518545226556,13.02798579572429
2022,Café pergamino,,0.0,0.0,0.0,0.0,0.017523053420288478,29.24518545226556,13.02798579572429
2023,Café pergamino,,0.0,0.0,0.0,0.0,0.017523053420288478,29.24518545226556,13.02798579572429
2020,Caigua,0.0,0.0,0.0,0.0,0.0,0.017523053420288478,29.24518545226556,13.02798579572429
2021,Caigua,0.0,0.0,0.0,0.0,0.0,0.017523053420288478,29.24518545226556,13.02798579572429
2022,Caigua,0.0,0.0,0.0,0.0,0.0,0.017523053420288478,29.24518545226556,13.02798579572429
2023,Caigua,0.0,0.0,0.0,0.0,0.0,0.017523053420288478,29.24518545226556,13.02798579572429
2020,Caimito,,0.0,0.0,0.0,0.0,0.017523053420288478,29.24518545226556,13.02798579572429
2021,Caimito,,0.0,0.0,0.0,0.0,0.017523053420288478,29.24518545226556,13.02798579572429
2022,Caimito,,0.0,0.0,0.0,0.0,0.017523053420288478,29.24518545226556,13.02798579572429
2023,Caimito,,0.0,0.0,0.0,0.0,0.017523053420288478,29.24518545226556,13.02798579572429
2020,Calabaza,0.0,0.0,0.0,0.0,0.0,0.017523053420288478,29.24518545226556,13.02798579572429
2021,Calabaza,0.0,0.0,0.0,0.0,0.0,0.017523053420288478,29.24518545226556,13.02798579572429
2022,Calabaza,0.0,0.0,0.0,0.0,0.0,0.017523053420288478,29.24518545226556,13.02798579572429
2023,Calabaza,0.0,0.0,0.0,0.0,0.0,0.017523053420288478,29.24518545226556,13.02798579572429
2020,Camote,994.5,975.5,22923.73,23499.466940030754,0.616126629479583,0.017523053420288478,29.24518545226556,13.02798579572429
2021,Camote,974.0,989.0,24604.822999999997,24878.48634984833,0.8608804025942395,0.017523053420288478,29.24518545226556,13.02798579572429
2022,Camote,1119.0,1088.0,26982.37,24799.972426470587,1.007501694625046,0.017523053420288478,29.24518545226556,13.02798579572429
2023,Camote,1287.5,1322.5,32102.45,24274.06427221172,0.9078457718959145,0.017523053420288478,29.24518545226556,13.02798579572429
2020,Camu camu,,0.0,0.0,0.0,0.0,0.017523053420288478,29.24518545226556,13.02798579572429
2021,Camu camu,,0.0,0.0,0.0,0.0,0.017523053420288478,29.24518545226556,13.02798579572429
2022,Camu camu,,0.0,0.0,0.0,0.0,0.017523053420288478,29.24518545226556,13.02798579572429
2023,Camu camu,,0.0,0.0,0.0,0.0,0.017523053420288478,29.24518545226556,13.02798579572429
2020,Capuli,,0.0,0.0,0.0,0.0,0.017523053420288478,29.24518545226556,13.02798579572429
2021,Capuli,,0.0,0.0,0.0,0.0,0.017523053420288478,29.24518545226556,13.02798579572429
2022,Capuli,,0.0,0.0,0.0,0.0,0.017523053420288478,29.24518545226556,13.02798579572429
2023,Capuli,,0.0,0.0,0.0,0.0,0.017523053420288478,29.24518545226556,13.02798579572429
2020,Carambola,,0.0,0.0,0.0,0.0,0.017523053420288478,29.24518545226556,13.02798579572429
2021,Carambola,,0.0,0.0,0.0,0.0,0.017523053420288478,29.24518545226556,13.02798579572429
2022,Carambola,,0.0,0.0,0.0,0.0,0.017523053420288478,29.24518545226556,13.02798579572429
2023,Carambola,,0.0,0.0,0.0,0.0,0.017523053420288478,29.24518545226556,13.02798579572429
2020,Caña para alcohol,,0.0,0.0,0.0,0.0,0.017523053420288478,29.24518545226556,13.02798579572429
2021,Caña para alcohol,,0.0,0.0,0.0,0.0,0.017523053420288478,29.24518545226556,13.02798579572429
2022,Caña para alcohol,,0.0,0.0,0.0,0.0,0.017523053420288478,29.24518545226556,13.02798579572429
2023,Caña para alcohol,,0.0,0.0,0.0,0.0,0.017523053420288478,29.24518545226556,13.02798579572429
2020,Caña para azúcar,,0.0,0.0,0.0,0.0,0.017523053420288478,29.24518545226556,13.02798579572429
2021,Caña para azúcar,,0.0,0.0,0.0,0.0,0.017523053420288478,29.24518545226556,13.02798579572429
2022,Caña para azúcar,,0.0,0.0,0.0,0.0,0.017523053420288478,29.24518545226556,13.02798579572429
2023,Caña para azúcar,,0.0,0.0,0.0,0.0,0.017523053420288478,29.24518545226556,13.02798579572429
2020,Caña para etanol,,0.0,0.0,0.0,0.0,0.017523053420288478,29.24518545226556,13.02798579572429
2021,Caña para etanol,,0.0,0.0,0.0,0.0,0.017523053420288478,29.24518545226556,13.02798579572429
2022,Caña para etanol,,0.0,0.0,0.0,0.0,0.017523053420288478,29.24518545226556,13.02798579572429
2023,Caña para etanol,,0.0,0.0,0.0,0.0,0.017523053420288478,29.24518545226556,13.02798579572429
2020,Cañihua,0.0,0.0,0.0,0.0,0.0,0.017523053420288478,29.24518545226556,13.02798579572429
2021,Cañihua,0.0,0.0,0.0,0.0,0.0,0.017523053420288478,29.24518545226556,13.02798579572429
2022,Cañihua,0.0,0.0,0.0,0.0,0.0,0.017523053420288478,29.24518545226556,13.02798579572429
2023,Cañihua,0.0,0.0,0.0,0.0,0.0,0.017523053420288478,29.24518545226556,13.02798579572429
2020,Cebada forrajera,0.0,0.0,0.0,0.0,0.0,0.017523053420288478,29.24518545226556,13.02798579572429
2021,Cebada forrajera,0.0,0.0,0.0,0.0,0.0,0.017523053420288478,29.24518545226556,13.02798579572429
2022,Cebada forrajera,0.0,0.0,0.0,0.0,0.0,0.017523053420288478,29.24518545226556,13.02798579572429
2023,Cebada forrajera,0.0,0.0,0.0,0.0,0.0,0.017523053420288478,29.24518545226556,13.02798579572429
2020,Cebada grano,38.0,38.0,110.33999999999999,2903.684210526316,1.2737629146275151,0.017523053420288478,29.24518545226556,13.02798579572429
2021,Cebada grano,36.0,36.0,108.55699999999999,3015.4722222222217,1.311266892047496,0.017523053420288478,29.24518545226556,13.02798579572429
2022,Cebada grano,67.0,67.0,172.56,2575.5223880597014,1.365797403801576,0.017523053420288478,29.24518545226556,13.02798579572429
2023,Cebada grano,73.0,73.0,187.64,2570.4109589041095,1.3637923683649544,0.017523053420288478,29.24518545226556,13.02798579572429
2020,Cebolla    china,37.0,37.0,227.67700000000002,6153.432432432433,0.9373414091014903,0.017523053420288478,29.24518545226556,13.02798579572429
2021,Cebolla    china,38.0,40.0,214.76000000000005,5369.000000000002,0.9326671633451292,0.017523053420288478,29.24518545226556,13.02798579572429
2022,Cebolla    china,24.0,15.0,99.8,6653.333333333333,1.0967935871743486,0.017523053420288478,29.24518545226556,13.02798579572429
2023,Cebolla    china,12.0,18.0,112.85,6269.444444444444,1.1610988037217547,0.017523053420288478,29.24518545226556,13.02798579572429
2020,Cebolla cabeza,1714.0,1892.0,121621.88,64282.17758985201,0.6800569247901775,0.017523053420288478,29.24518545226556,13.02798579572429
2021,Cebolla cabeza,1841.0,1878.0,120240.66,64025.91054313099,0.7847765743301808,0.017523053420288478,29.24518545226556,13.02798579572429
2022,Cebolla cabeza,1388.5,1413.0,93401.69000000002,66101.6914366596,0.8335472998400776,0.017523053420288478,29.24518545226556,13.02798579572429
2023,Cebolla cabeza,1298.5,1306.5,86139.20999999999,65931.27439724453,1.027312335462561,0.017523053420288478,29.24518545226556,13.02798579572429
2020,Cerezo,,0.0,0.0,0.0,0.0,0.017523053420288478,29.24518545226556,13.02798579572429
2021,Cerezo,,0.0,0.0,0.0,0.0,0.017523053420288478,29.24518545226556,13.02798579572429
2022,Cerezo,,0.0,0.0,0.0,0.0,0.017523053420288478,29.24518545226556,13.02798579572429
2023,Cerezo,,0.0,0.0,0.0,0.0,0.017523053420288478,29.24518545226556,13.02798579572429
2020,Chirimoya,,31.0,164.369,5302.225806451613,2.430856791730801,0.017523053420288478,29.24518545226556,13.02798579572429
2021,Chirimoya,,34.7,176.559,5088.155619596541,2.7089256282602414,0.017523053420288478,29.24518545226556,13.02798579572429
2022,Chirimoya,,34.7,190.92999999999998,5502.305475504322,2.5383648457549888,0.017523053420288478,29.24518545226556,13.02798579572429
2023,Chirimoya,,37.7,185.03,4907.957559681697,2.5788412689834077,0.017523053420288478,29.24518545226556,13.02798579572429
2020,Cirolero,,0.0,0.0,0.0,0.0,0.017523053420288478,29.24518545226556,13.02798579572429
2021,Cirolero,,0.0,0.0,0.0,0.0,0.017523053420288478,29.24518545226556,13.02798579572429
2022,Cirolero,,0.0,0.0,0.0,0.0,0.017523053420288478,29.24518545226556,13.02798579572429
2023,Cirolero,,0.0,0.0,0.0,0.0,0.017523053420288478,29.24518545226556,13.02798579572429
2020,Ciruela,,164.55,1435.26,8722.333637192341,1.003921937488678,0.017523053420288478,29.24518545226556,13.02798579572429
2021,Ciruela,,164.45,1432.4889999999998,8710.787473396169,0.9850504960247514,0.017523053420288478,29.24518545226556,13.02798579572429
2022,Ciruela,,164.54999999999998,1302.73,7916.924946824674,1.000491276012681,0.017523053420288478,29.24518545226556,13.02798579572429
2023,Ciruela,,164.55,1152.5800000000002,7004.436341537527,1.1710831352270554,0.017523053420288478,29.24518545226556,13.02798579572429
2020,Coco,,0.0,0.0,0.0,0.0,0.017523053420288478,29.24518545226556,13.02798579572429
2021,Coco,,0.0,0.0,0.0,0.0,0.017523053420288478,29.24518545226556,13.02798579572429
2022,Coco,,0.0,0.0,0.0,0.0,0.017523053420288478,29.24518545226556,13.02798579572429
2023,Coco,,0.0,0.0,0.0,0.0,0.017523053420288478,29.24518545226556,13.02798579572429
2020,Cocona,,0.0,0.0,0.0,0.0,0.017523053420288478,29.24518545226556,13.02798579572429
2021,Cocona,,0.0,0.0,0.0,0.0,0.017523053420288478,29.24518545226556,13.02798579572429
2022,Cocona,,0.0,0.0,0.0,0.0,0.017523053420288478,29.24518545226556,13.02798579572429
2023,Cocona,,0.0,0.0,0.0,0.0,0.017523053420288478,29.24518545226556,13.02798579572429
2020,Col,0.0,0.0,0.0,0.0,0.0,0.017523053420288478,29.24518545226556,13.02798579572429
2021,Col,0.0,0.0,0.0,0.0,0.0,0.017523053420288478,29.24518545226556,13.02798579572429
2022,Col,0.0,0.0,0.0,0.0,0.0,0.017523053420288478,29.24518545226556,13.02798579572429
2023,Col,0.0,0.0,0.0,0.0,0.0,0.017523053420288478,29.24518545226556,13.02798579572429
2020,Coliflor,0.0,0.0,0.0,0.0,0.0,0.017523053420288478,29.24518545226556,13.02798579572429
2021,Coliflor,0.0,0.0,0.0,0.0,0.0,0.017523053420288478,29.24518545226556,13.02798579572429
2022,Coliflor,0.0,0.0,0.0,0.0,0.0,0.017523053420288478,29.24518545226556,13.02798579572429
2023,Coliflor,0.0,0.0,0.0,0.0,0.0,0.017523053420288478,29.24518545226556,13.02798579572429
2020,Copoazú,,0.0,0.0,0.0,0.0,0.017523053420288478,29.24518545226556,13.02798579572429
2021,Copoazú,,0.0,0.0,0.0,0.0,0.017523053420288478,29.24518545226556,13.02798579572429
2020,Culantro,0.0,0.0,0.0,0.0,0.0,0.017523053420288478,29.24518545226556,13.02798579572429
2021,Culantro,0.0,0.0,0.0,0.0,0.0,0.017523053420288478,29.24518545226556,13.02798579572429
2020,Damasco,,0.0,0.0,0.0,0.0,0.017523053420288478,29.24518545226556,13.02798579572429
2021,Damasco,,0.0,0.0,0.0,0.0,0.017523053420288478,29.24518545226556,13.02798579572429
2022,Damasco,,0.0,0.0,0.0,0.0,0.017523053420288478,29.24518545226556,13.02798579572429
2023,Damasco,,0.0,0.0,0.0,0.0,0.017523053420288478,29.24518545226556,13.02798579572429
2020,Dátil,,134.25,396.67,2954.7113594040966,2.5169183452239894,0.017523053420288478,29.24518545226556,13.02798579572429
2021,Dátil,,134.25,389.6,2902.048417132216,2.5272972279260775,0.017523053420288478,29.24518545226556,13.02798579572429
2022,Dátil,,156.25,481.01,3078.464,2.51041142595788,0.017523053420288478,29.24518545226556,13.02798579572429
2023,Dátil,,156.25,526.3100000000001,3368.3840000000005,2.8083866922536145,0.017523053420288478,29.24518545226556,13.02798579572429
2020,Espinaca,34.0,37.0,196.99,5324.054054054054,0.9108472511294988,0.017523053420288478,29.24518545226556,13.02798579572429
2021,Espinaca,43.0,46.0,232.06,5044.782608695653,0.9183142290786867,0.017523053420288478,29.24518545226556,13.02798579572429
2022,Espinaca,31.5,24.5,167.5,6836.734693877551,1.1727582089552238,0.017523053420288478,29.24518545226556,13.02798579572429
2023,Espinaca,40.0,48.5,318.42,6565.360824742268,1.1119527667860056,0.017523053420288478,29.24518545226556,13.02798579572429
2020,Espárrago,,14657.349999999999,190467.029,12994.642892473743,3.3330354468856647,0.017523053420288478,29.24518545226556,13.02798579572429
2021,Espárrago,,14267.349999999999,179526.06000000003,12582.999646044995,4.060236215845208,0.017523053420288478,29.24518545226556,13.02798579572429
2022,Espárrago,,14284.849999999999,184063.68000000002,12885.237156847992,3.742645380120619,0.017523053420288478,29.24518545226556,13.02798579572429
2023,Espárrago,,13302.85,170927.96000000002,12848.972964439952,4.798206161238922,0.017523053420288478,29.24518545226556,13.02798579572429
2020,Fresa,0.0,0.0,0.0,0.0,0.0,0.017523053420288478,29.24518545226556,13.02798579572429
2021,Fresa,0.0,0.0,0.0,0.0,0.0,0.017523053420288478,29.24518545226556,13.02798579572429
2022,Fresa,0.0,0.0,0.0,0.0,0.0,0.017523053420288478,29.24518545226556,13.02798579572429
2023,Fresa,0.0,0.0,0.0,0.0,0.0,0.017523053420288478,29.24518545226556,13.02798579572429
2020,Frijol castilla,111.5,111.5,217.30899999999997,1948.9596412556052,2.6684647207432737,0.017523053420288478,29.24518545226556,13.02798579572429
2021,Frijol castilla,512.5,501.0,987.0919999999999,1970.2435129740516,3.3302581724905074,0.017523053420288478,29.24518545226556,13.02798579572429
2022,Frijol castilla,315.0,380.5,769.8100000000001,2023.1537450722735,3.5278951949182265,0.017523053420288478,29.24518545226556,13.02798579572429
2023,Frijol castilla,227.0,240.0,560.3100000000001,2334.6250000000005,4.093542860202388,0.017523053420288478,29.24518545226556,13.02798579572429
2020,Frijol de palo,0.0,0.0,0.0,0.0,0.0,0.017523053420288478,29.24518545226556,13.02798579572429
2021,Frijol de palo,0.0,0.0,0.0,0.0,0.0,0.017523053420288478,29.24518545226556,13.02798579572429
2022,Frijol de palo,0.0,0.0,0.0,0.0,0.0,0.017523053420288478,29.24518545226556,13.02798579572429
2023,Frijol de palo,0.0,0.0,0.0,0.0,0.0,0.017523053420288478,29.24518545226556,13.02798579572429
2020,Frijol loctao,60.0,80.0,172.0,2150.0,5.0249999999999995,0.017523053420288478,29.24518545226556,13.02798579572429
2021,Frijol loctao,50.0,30.0,86.0,2866.6666666666665,5.0,0.017523053420288478,29.24518545226556,13.02798579572429
2022,Frijol loctao,0.0,0.0,0.0,0.0,0.0,0.017523053420288478,29.24518545226556,13.02798579572429
2023,Frijol loctao,0.0,0.0,0.0,0.0,0.0,0.017523053420288478,29.24518545226556,13.02798579572429
2020,Frijol seco,227.5,227.5,377.13,1657.7142857142858,5.422543950361944,0.017523053420288478,29.24518545226556,13.02798579572429
2021,Frijol seco,403.0,394.0,720.6979999999999,1829.182741116751,5.217154342040634,0.017523053420288478,29.24518545226556,13.02798579572429
2022,Frijol seco,305.0,301.0,538.03,1787.4750830564783,5.2931806776573795,0.017523053420288478,29.24518545226556,13.02798579572429
2023,Frijol seco,453.0,457.0,819.04,1792.2100656455143,5.940891775737449,0.017523053420288478,29.24518545226556,13.02798579572429
2020,Frijol verde,15.0,15.0,67.03,4468.666666666667,2.5,0.017523053420288478,29.24518545226556,13.02798579572429
2021,Frijol verde,6.0,6.0,27.92,4653.333333333333,2.6944842406876783,0.017523053420288478,29.24518545226556,13.02798579572429
2022,Frijol verde,12.0,12.0,62.94,5245.0,3.1352081347314904,0.017523053420288478,29.24518545226556,13.02798579572429
2023,Frijol verde,6.0,6.0,29.8,4966.666666666667,3.2474832214765104,0.017523053420288478,29.24518545226556,13.02798579572429
2020,Garbanzo,189.5,189.5,291.839,1540.0474934036938,3.6406254818581476,0.017523053420288478,29.24518545226556,13.02798579572429
2021,Garbanzo,71.0,71.0,126.7,1784.5070422535211,5.07817679558011,0.017523053420288478,29.24518545226556,13.02798579572429
2022,Garbanzo,44.0,44.0,55.82,1268.6363636363635,5.821927624507344,0.017523053420288478,29.24518545226556,13.02798579572429
2023,Garbanzo,276.5,276.5,510.59000000000003,1846.618444846293,5.727961769717386,0.017523053420288478,29.24518545226556,13.02798579572429
2020,Grama azul,,0.0,0.0,0.0,0.0,0.017523053420288478,29.24518545226556,13.02798579572429
2021,Grama azul,,0.0,0.0,0.0,0.0,0.017523053420288478,29.24518545226556,13.02798579572429
2022,Grama azul,,0.0,0.0,0.0,0.0,0.017523053420288478,29.24518545226556,13.02798579572429
2023,Grama azul,,0.0,0.0,0.0,0.0,0.017523053420288478,29.24518545226556,13.02798579572429
2020,Grama chilena,,0.0,0.0,0.0,0.0,0.017523053420288478,29.24518545226556,13.02798579572429
2021,Grama chilena,,0.0,0.0,0.0,0.0,0.017523053420288478,29.24518545226556,13.02798579572429
2022,Grama chilena,,0.0,0.0,0.0,0.0,0.017523053420288478,29.24518545226556,13.02798579572429
2023,Grama chilena,,0.0,0.0,0.0,0.0,0.017523053420288478,29.24518545226556,13.02798579572429
2020,Gramalote,,0.0,0.0,0.0,0.0,0.017523053420288478,29.24518545226556,13.02798579572429
2021,Gramalote,,0.0,0.0,0.0,0.0,0.017523053420288478,29.24518545226556,13.02798579572429
2022,Gramalote,,0.0,0.0,0.0,0.0,0.017523053420288478,29.24518545226556,13.02798579572429
2023,Gramalote,,0.0,0.0,0.0,0.0,0.017523053420288478,29.24518545226556,13.02798579572429
2020,Granada,,2320.2,55339.15,23851.025773640205,0.7729270326703607,0.017523053420288478,29.24518545226556,13.02798579572429
2021,Granada,,2386.7,58927.799999999996,24690.074160975408,0.8579969555965098,0.017523053420288478,29.24518545226556,13.02798579572429
2022,Granada,,2696.7,62843.42,23303.823191307896,1.770786408505457,0.017523053420288478,29.24518545226556,13.02798579572429
2023,Granada,,2907.5699999999997,73212.91,25180.102284725737,2.7072104428030523,0.017523053420288478,29.24518545226556,13.02798579572429
2020,Granadilla,,4.0,23.0,5750.0,2.676086956521739,0.017523053420288478,29.24518545226556,13.02798579572429
2021,Granadilla,,4.0,26.8,6700.0,2.7761194029850746,0.017523053420288478,29.24518545226556,13.02798579572429
2022,Granadilla,,4.0,41.55,10387.5,2.8000000000000003,0.017523053420288478,29.24518545226556,13.02798579572429
2023,Granadilla,,5.0,43.38,8676.0,2.467450437989857,0.017523053420288478,29.24518545226556,13.02798579572429
2020,Guanabana,,30.0,260.4,8680.0,2.7342549923195087,0.017523053420288478,29.24518545226556,13.02798579572429
2021,Guanabana,,30.0,261.59999999999997,8719.999999999998,2.6441131498470947,0.017523053420288478,29.24518545226556,13.02798579572429
2022,Guanabana,,30.0,264.5,8816.666666666666,2.233648393194707,0.017523053420288478,29.24518545226556,13.02798579572429
2023,Guanabana,,35.0,307.11,8774.57142857143,2.0166650385855234,0.017523053420288478,29.24518545226556,13.02798579572429
2020,Guayaba,,1.0,5.2,5200.0,1.2,0.017523053420288478,29.24518545226556,13.02798579572429
2021,Guayaba,,1.0,5.4,5400.0,1.2759259259259257,0.017523053420288478,29.24518545226556,13.02798579572429
2022,Guayaba,,1.0,5.1,5100.0,1.2,0.017523053420288478,29.24518545226556,13.02798579572429
2023,Guayaba,,1.0,5.92,5920.0,1.5067567567567568,0.017523053420288478,29.24518545226556,13.02798579572429
2020,Guinda,,0.0,0.0,0.0,0.0,0.017523053420288478,29.24518545226556,13.02798579572429
2021,Guinda,,0.0,0.0,0.0,0.0,0.017523053420288478,29.24518545226556,13.02798579572429
2022,Guinda,,0.0,0.0,0.0,0.0,0.017523053420288478,29.24518545226556,13.02798579572429
2023,Guinda,,0.0,0.0,0.0,0.0,0.017523053420288478,29.24518545226556,13.02798579572429
2020,Haba seca,0.0,0.0,0.0,0.0,0.0,0.017523053420288478,29.24518545226556,13.02798579572429
2021,Haba seca,0.0,0.0,0.0,0.0,0.0,0.017523053420288478,29.24518545226556,13.02798579572429
2022,Haba seca,0.0,0.0,0.0,0.0,0.0,0.017523053420288478,29.24518545226556,13.02798579572429
2023,Haba seca,0.0,0.0,0.0,0.0,0.0,0.017523053420288478,29.24518545226556,13.02798579572429
2020,Haba verde,92.0,92.0,371.25,4035.3260869565215,1.3223164983164983,0.017523053420288478,29.24518545226556,13.02798579572429
2021,Haba verde,15.0,15.0,180.0,12000.0,2.0,0.017523053420288478,29.24518545226556,13.02798579572429
2022,Haba verde,0.0,0.0,0.0,0.0,0.0,0.017523053420288478,29.24518545226556,13.02798579572429
2023,Haba verde,5.0,5.0,17.5,3500.0,1.8,0.017523053420288478,29.24518545226556,13.02798579572429
2020,Higo,,185.25,763.8499999999999,4123.346828609986,3.1838973620475226,0.017523053420288478,29.24518545226556,13.02798579572429
2021,Higo,,199.45,800.14,4011.7322637252446,2.5838878196315647,0.017523053420288478,29.24518545226556,13.02798579572429
2022,Higo,,199.45,807.8299999999999,4050.288292805214,2.76206875208893,0.017523053420288478,29.24518545226556,13.02798579572429
2023,Higo,,210.45,1312.37,6236.0180565454975,3.318669277718936,0.017523053420288478,29.24518545226556,13.02798579572429
2021,Huasai,,0.0,0.0,0.0,0.0,0.017523053420288478,29.24518545226556,13.02798579572429
2020,Kiwicha,0.0,0.0,0.0,0.0,0.0,0.017523053420288478,29.24518545226556,13.02798579572429
2021,Kiwicha,0.0,0.0,0.0,0.0,0.0,0.017523053420288478,29.24518545226556,13.02798579572429
2022,Kiwicha,0.0,0.0,0.0,0.0,0.0,0.017523053420288478,29.24518545226556,13.02798579572429
2023,Kiwicha,0.0,0.0,0.0,0.0,0.0,0.017523053420288478,29.24518545226556,13.02798579572429
2020,Lechuga,67.5,69.5,372.85,5364.748201438849,0.9106879442134906,0.017523053420288478,29.24518545226556,13.02798579572429
2021,Lechuga,74.60000000000001,75.00000000000001,410.63999999999993,5475.199999999998,0.9180406195207482,0.017523053420288478,29.24518545226556,13.02798579572429
2022,Lechuga,60.4,64.5,407.2,6313.178294573643,1.1571954813359526,0.017523053420288478,29.24518545226556,13.02798579572429
2023,Lechuga,85.0,86.5,527.67,6100.231213872832,1.2,0.017523053420288478,29.24518545226556,13.02798579572429
2020,Lenteja,0.0,0.0,0.0,0.0,0.0,0.017523053420288478,29.24518545226556,13.02798579572429
2021,Lenteja,0.0,0.0,0.0,0.0,0.0,0.017523053420288478,29.24518545226556,13.02798579572429
2022,Lenteja,0.0,0.0,0.0,0.0,0.0,0.017523053420288478,29.24518545226556,13.02798579572429
2023,Lenteja,0.0,0.0,0.0,0.0,0.0,0.017523053420288478,29.24518545226556,13.02798579572429
2020,Lima,,1.0,7.6,7600.0,1.2,0.017523053420288478,29.24518545226556,13.02798579572429
2021,Lima,,1.0,7.0,7000.0,1.5,0.017523053420288478,29.24518545226556,13.02798579572429
2022,Lima,,1.0,7.62,7620.0,1.8,0.017523053420288478,29.24518545226556,13.02798579572429
2023,Lima,,1.0,5.5,5500.0,2.5,0.017523053420288478,29.24518545226556,13.02798579572429
2020,Limón dulce,,0.0,0.0,0.0,0.0,0.017523053420288478,29.24518545226556,13.02798579572429
2021,Limón dulce,,0.0,0.0,0.0,0.0,0.017523053420288478,29.24518545226556,13.02798579572429
2022,Limón dulce,,0.0,0.0,0.0,0.0,0.017523053420288478,29.24518545226556,13.02798579572429
2023,Limón dulce,,0.0,0.0,0.0,0.0,0.017523053420288478,29.24518545226556,13.02798579572429
2020,Limón sutíl,,73.06899999999999,1720.889,23551.560853439903,1.5162818171305645,0.017523053420288478,29.24518545226556,13.02798579572429
2021,Limón sutíl,,73.069,1536.009,21021.349683176177,1.3266175523711123,0.017523053420288478,29.24518545226556,13.02798579572429
2022,Limón sutíl,,78.07,1585.2200000000003,20305.1107980018,1.4859836489572422,0.017523053420288478,29.24518545226556,13.02798579572429
2023,Limón sutíl,,78.07,1671.1199999999997,21405.405405405403,2.480881085738906,0.017523053420288478,29.24518545226556,13.02798579572429
2020,Lucuma,,166.75,1904.7900000000002,11423.028485757122,2.359934690963308,0.017523053420288478,29.24518545226556,13.02798579572429
2021,Lucuma,,175.2,1912.77,10917.636986301372,2.4243082022407294,0.017523053420288478,29.24518545226556,13.02798579572429
2022,Lucuma,,185.2,2042.79,11030.183585313174,2.3315514565863356,0.017523053420288478,29.24518545226556,13.02798579572429
2023,Lucuma,,181.2,1984.25,10950.60706401766,2.1551639158372176,0.017523053420288478,29.24518545226556,13.02798579572429
2020,Maca,0.0,0.0,0.0,0.0,0.0,0.017523053420288478,29.24518545226556,13.02798579572429
2021,Maca,0.0,0.0,0.0,0.0,0.0,0.017523053420288478,29.24518545226556,13.02798579572429
2022,Maca,0.0,0.0,0.0,0.0,0.0,0.017523053420288478,29.24518545226556,13.02798579572429
2023,Maca,0.0,0.0,0.0,0.0,0.0,0.017523053420288478,29.24518545226556,13.02798579572429
2020,Mamey,,0.0,0.0,0.0,0.0,0.017523053420288478,29.24518545226556,13.02798579572429
2021,Mamey,,0.0,0.0,0.0,0.0,0.017523053420288478,29.24518545226556,13.02798579572429
2022,Mamey,,0.0,0.0,0.0,0.0,0.017523053420288478,29.24518545226556,13.02798579572429
2023,Mamey,,0.0,0.0,0.0,0.0,0.017523053420288478,29.24518545226556,13.02798579572429
2020,Mandarina,,3556.4900000000002,180665.32000000004,50798.77069807592,1.079502778950603,0.017523053420288478,29.24518545226556,13.02798579572429
2021,Mandarina,,3668.5,179231.017,48856.7580755077,1.2963525615658364,0.017523053420288478,29.24518545226556,13.02798579572429
2022,Mandarina,,4646.5,217968.77,46910.31313892177,1.075643125389018,0.017523053420288478,29.24518545226556,13.02798579572429
2023,Mandarina,,4664.5,212989.52999999997,45661.81369921749,1.3089206262861843,0.017523053420288478,29.24518545226556,13.02798579572429
2020,Mango,,670.3299999999999,7977.7570000000005,11901.238196112365,1.1294305655085757,0.017523053420288478,29.24518545226556,13.02798579572429
2021,Mango,,641.99,7615.139000000001,11861.771990217918,1.1369927718981885,0.017523053420288478,29.24518545226556,13.02798579572429
2022,Mango,,561.09,7186.4,12807.9274269725,1.2358673327396197,0.017523053420288478,29.24518545226556,13.02798579572429
2023,Mango,,549.0899999999999,7018.03,12781.201624506002,1.6921274203729537,0.017523053420288478,29.24518545226556,13.02798579572429
2020,Manzana,,145.78,1267.2799999999997,8693.099190561117,1.3744444795151824,0.017523053420288478,29.24518545226556,13.02798579572429
2021,Manzana,,154.78,1263.6,8163.845458069517,1.4148496359607474,0.017523053420288478,29.24518545226556,13.02798579572429
2022,Manzana,,154.78,1300.53,8402.44217599173,1.3413792838304386,0.017523053420288478,29.24518545226556,13.02798579572429
2023,Manzana,,156.78,1355.9099999999999,8648.488327592804,1.487350930371485,0.017523053420288478,29.24518545226556,13.02798579572429
2020,Maní,12.0,12.0,67.2,5600.000000000001,5.0,0.017523053420288478,29.24518545226556,13.02798579572429
2021,Maní,0.0,0.0,0.0,0.0,0.0,0.017523053420288478,29.24518545226556,13.02798579572429
2022,Maní,0.5,0.5,1.42,2840.0,4.5,0.017523053420288478,29.24518545226556,13.02798579572429
2023,Maní,0.0,0.0,0.0,0.0,0.0,0.017523053420288478,29.24518545226556,13.02798579572429
2020,Maracuyá,,15.79,79.75,5050.6649778340725,1.0117868338557994,0.017523053420288478,29.24518545226556,13.02798579572429
2021,Maracuyá,,21.79,166.35,7634.235888022029,0.9920649233543736,0.017523053420288478,29.24518545226556,13.02798579572429
2022,Maracuyá,,22.79,210.7,9245.283018867925,1.0092074038917893,0.017523053420288478,29.24518545226556,13.02798579572429
2023,Maracuyá,,27.79,282.05,10149.334292911119,1.3967913490515866,0.017523053420288478,29.24518545226556,13.02798579572429
2020,Marañón,,0.0,0.0,0.0,0.0,0.017523053420288478,29.24518545226556,13.02798579572429
2021,Marañón,,0.0,0.0,0.0,0.0,0.017523053420288478,29.24518545226556,13.02798579572429
2022,Marañón,,0.0,0.0,0.0,0.0,0.017523053420288478,29.24518545226556,13.02798579572429
2023,Marañón,,0.0,0.0,0.0,0.0,0.017523053420288478,29.24518545226556,13.02798579572429
2020,Mashua,0.0,0.0,0.0,0.0,0.0,0.017523053420288478,29.24518545226556,13.02798579572429
2021,Mashua,0.0,0.0,0.0,0.0,0.0,0.017523053420288478,29.24518545226556,13.02798579572429
2022,Mashua,0.0,0.0,0.0,0.0,0.0,0.017523053420288478,29.24518545226556,13.02798579572429
2023,Mashua,0.0,0.0,0.0,0.0,0.0,0.017523053420288478,29.24518545226556,13.02798579572429
2020,Maíz a. duro,15776.5,15370.0,141406.08,9200.135328562134,0.9729211014123296,0.017523053420288478,29.24518545226556,13.02798579572429
2021,Maíz a. duro,20958.0,20970.5,193850.858,9243.978827400395,1.3206597422952855,0.017523053420288478,29.24518545226556,13.02798579572429
2022,Maíz a. duro,17915.0,18093.0,164894.11000000002,9113.69645719339,1.5365465115764292,0.017523053420288478,29.24518545226556,13.02798579572429
2023,Maíz a. duro,19526.3,19971.8,181260.87,9075.84043501337,1.2751971079031013,0.017523053420288478,29.24518545226556,13.02798579572429
2020,Maíz amiláceo,31.0,31.0,168.69,5441.612903225806,2.473649890331377,0.017523053420288478,29.24518545226556,13.02798579572429
2021,Maíz amiláceo,89.0,89.0,381.771,4289.56179775281,2.3152649101162734,0.017523053420288478,29.24518545226556,13.02798579572429
2022,Maíz amiláceo,68.5,68.5,250.33999999999997,3654.5985401459848,2.1791483582328035,0.017523053420288478,29.24518545226556,13.02798579572429
2023,Maíz amiláceo,61.0,61.0,199.99,3278.5245901639346,2.0414320716035803,0.017523053420288478,29.24518545226556,13.02798579572429
2020,Maíz chala,0.0,0.0,0.0,0.0,0.0,0.017523053420288478,29.24518545226556,13.02798579572429
2021,Maíz chala,0.0,0.0,0.0,0.0,0.0,0.017523053420288478,29.24518545226556,13.02798579572429
2022,Maíz chala,0.0,0.0,0.0,0.0,0.0,0.017523053420288478,29.24518545226556,13.02798579572429
2023,Maíz chala,0.0,0.0,0.0,0.0,0.0,0.017523053420288478,29.24518545226556,13.02798579572429
2020,Maíz choclo,1159.5,1159.5,19469.699,16791.460974558,1.0650680064442701,0.017523053420288478,29.24518545226556,13.02798579572429
2021,Maíz choclo,1429.5,1438.5,23393.255,16262.255822036845,1.0381362277288901,0.017523053420288478,29.24518545226556,13.02798579572429
2022,Maíz choclo,1087.0,1072.0,17420.73,16250.680970149255,1.618864594078434,0.017523053420288478,29.24518545226556,13.02798579572429
2023,Maíz choclo,1430.0,1430.0,16639.47,11635.993006993009,1.5199681840827863,0.017523053420288478,29.24518545226556,13.02798579572429
2020,Maíz morado,136.5,135.5,864.67,6381.328413284132,1.9975030936657914,0.017523053420288478,29.24518545226556,13.02798579572429
2021,Maíz morado,96.5,96.5,459.47900000000004,4761.440414507772,2.774356608245425,0.017523053420288478,29.24518545226556,13.02798579572429
2022,Maíz morado,84.0,85.0,416.57,4900.823529411765,2.949816357394915,0.017523053420288478,29.24518545226556,13.02798579572429
2023,Maíz morado,145.5,143.5,764.64,5328.501742160278,2.962636011717933,0.017523053420288478,29.24518545226556,13.02798579572429
2020,Melocotón,,101.5,623.85,6146.305418719212,2.3798589404504287,0.017523053420288478,29.24518545226556,13.02798579572429
2021,Melocotón,,98.5,615.1600000000001,6245.279187817259,2.106554392353208,0.017523053420288478,29.24518545226556,13.02798579572429
2022,Melocotón,,95.5,616.88,6459.476439790576,2.1354104526001816,0.017523053420288478,29.24518545226556,13.02798579572429
2023,Melocotón,,95.5,611.0799999999999,6398.743455497382,2.2548307913857433,0.017523053420288478,29.24518545226556,13.02798579572429
2020,Melón,191.0,175.5,4637.709999999999,26425.698005698,0.6530890245401287,0.017523053420288478,29.24518545226556,13.02798579572429
2021,Melón,135.5,155.0,4489.329,28963.412903225806,0.7623768050860162,0.017523053420288478,29.24518545226556,13.02798579572429
2022,Melón,137.5,109.0,3738.85,34301.37614678899,1.2433399842197466,0.017523053420288478,29.24518545226556,13.02798579572429
2023,Melón,174.5,230.5,7242.32,31420.043383947937,1.0393890493653968,0.017523053420288478,29.24518545226556,13.02798579572429
2020,Membrillo,,24.0,188.45000000000002,7852.083333333334,0.9980100822499337,0.017523053420288478,29.24518545226556,13.02798579572429
2021,Membrillo,,24.0,189.9,7912.500000000001,1.0,0.017523053420288478,29.24518545226556,13.02798579572429
2022,Membrillo,,24.2,190.39999999999998,7867.7685950413215,1.130094537815126,0.017523053420288478,29.24518545226556,13.02798579572429
2023,Membrillo,,24.0,188.05,7835.416666666667,1.560249933528317,0.017523053420288478,29.24518545226556,13.02798579572429
2020,Nabo,36.0,40.5,219.837,5428.074074074074,0.9406635370751966,0.017523053420288478,29.24518545226556,13.02798579572429
2021,Nabo,49.5,51.1,289.594,5667.20156555773,0.9414254784284205,0.017523053420288478,29.24518545226556,13.02798579572429
2022,Nabo,41.95,28.85,172.54999999999998,5980.935875216636,1.1471457548536657,0.017523053420288478,29.24518545226556,13.02798579572429
2023,Nabo,54.0,67.0,414.40000000000003,6185.074626865672,1.2,0.017523053420288478,29.24518545226556,13.02798579572429
2020,Naranja,,1018.6800000000001,32104.239999999994,31515.529901441074,1.3216041557127658,0.017523053420288478,29.24518545226556,13.02798579572429
2021,Naranja,,1039.239,33496.9,32232.14294305737,1.31845675271443,0.017523053420288478,29.24518545226556,13.02798579572429
2022,Naranja,,994.74,32652.019999999997,32824.67780525564,1.712529515784935,0.017523053420288478,29.24518545226556,13.02798579572429
2023,Naranja,,1003.19,30959.38,30860.93362174663,1.8814759371796201,0.017523053420288478,29.24518545226556,13.02798579572429
2020,Nispero,,0.0,0.0,0.0,0.0,0.017523053420288478,29.24518545226556,13.02798579572429
2021,Nispero,,0.0,0.0,0.0,0.0,0.017523053420288478,29.24518545226556,13.02798579572429
2022,Nispero,,0.0,0.0,0.0,0.0,0.017523053420288478,29.24518545226556,13.02798579572429
2023,Nispero,,0.0,0.0,0.0,0.0,0.017523053420288478,29.24518545226556,13.02798579572429
2021,Nuez,,0.0,0.0,0.0,0.0,0.017523053420288478,29.24518545226556,13.02798579572429
2020,Oca,11.0,11.0,24.8,2254.5454545454545,1.2,0.017523053420288478,29.24518545226556,13.02798579572429
2021,Oca,0.0,0.0,0.0,0.0,0.0,0.017523053420288478,29.24518545226556,13.02798579572429
2022,Oca,0.0,0.0,0.0,0.0,0.0,0.017523053420288478,29.24518545226556,13.02798579572429
2023,Oca,0.0,0.0,0.0,0.0,0.0,0.017523053420288478,29.24518545226556,13.02798579572429
2020,Olluco,0.0,0.0,0.0,0.0,0.0,0.017523053420288478,29.24518545226556,13.02798579572429
2021,Olluco,4.0,4.0,13.65,3412.5,1.8494505494505495,0.017523053420288478,29.24518545226556,13.02798579572429
2022,Olluco,4.0,4.0,12.52,3130.0,1.8000000000000003,0.017523053420288478,29.24518545226556,13.02798579572429
2023,Olluco,5.0,5.0,15.55,3110.0000000000005,1.539807073954984,0.017523053420288478,29.24518545226556,13.02798579572429
2020,Orégano,,0.0,0.0,0.0,0.0,0.017523053420288478,29.24518545226556,13.02798579572429
2021,Orégano,,0.0,0.0,0.0,0.0,0.017523053420288478,29.24518545226556,13.02798579572429
2022,Orégano,,0.0,0.0,0.0,0.0,0.017523053420288478,29.24518545226556,13.02798579572429
2023,Orégano,,0.0,0.0,0.0,0.0,0.017523053420288478,29.24518545226556,13.02798579572429
2020,Pacae,,112.5,757.7,6735.111111111111,1.911495314768378,0.017523053420288478,29.24518545226556,13.02798579572429
2021,Pacae,,120.5,750.1500000000001,6225.311203319503,1.8197400519896019,0.017523053420288478,29.24518545226556,13.02798579572429
2022,Pacae,,120.5,738.2,6126.1410788381745,2.1502167434299646,0.017523053420288478,29.24518545226556,13.02798579572429
2023,Pacae,,120.5,720.0,5975.103734439834,2.2441527777777783,0.017523053420288478,29.24518545226556,13.02798579572429
2020,Pallar seco,2702.5,2688.5,3283.578,1221.3420122745024,4.619830227879466,0.017523053420288478,29.24518545226556,13.02798579572429
2021,Pallar seco,2768.0,2713.5,3048.0329999999994,1123.2846876727472,4.580909032152868,0.017523053420288478,29.24518545226556,13.02798579572429
2022,Pallar seco,2417.0,2401.5,3255.7400000000002,1355.7110139496149,5.562050102280894,0.017523053420288478,29.24518545226556,13.02798579572429
2023,Pallar seco,2406.0,2462.0,3337.51,1355.609260763607,5.042706089270144,0.017523053420288478,29.24518545226556,13.02798579572429
2020,Pallar verde,347.0,347.0,1758.6979999999999,5068.2939481268,1.6274951128619013,0.017523053420288478,29.24518545226556,13.02798579572429
2021,Pallar verde,16.0,16.0,71.727,4482.9375,2.131703542599021,0.017523053420288478,29.24518545226556,13.02798579572429
2022,Pallar verde,15.0,15.0,52.25,3483.3333333333335,3.00622009569378,0.017523053420288478,29.24518545226556,13.02798579572429
2023,Pallar verde,91.0,91.0,424.85,4668.681318681319,2.5254560433094033,0.017523053420288478,29.24518545226556,13.02798579572429
2020,Palma aceitera,,0.0,0.0,0.0,0.0,0.017523053420288478,29.24518545226556,13.02798579572429
2021,Palma aceitera,,0.0,0.0,0.0,0.0,0.017523053420288478,29.24518545226556,13.02798579572429
2022,Palma aceitera,,0.0,0.0,0.0,0.0,0.017523053420288478,29.24518545226556,13.02798579572429
2023,Palma aceitera,,0.0,0.0,0.0,0.0,0.017523053420288478,29.24518545226556,13.02798579572429
2020,Palta,,5241.98,80559.949,15368.228989809195,4.3146481696506545,0.017523053420288478,29.24518545226556,13.02798579572429
2021,Palta,,5682.22,81699.788,14378.14586552439,5.162490256400665,0.017523053420288478,29.24518545226556,13.02798579572429
2022,Palta,,6504.52,94366.03000000001,14507.7622945275,3.548726411400373,0.017523053420288478,29.24518545226556,13.02798579572429
2023,Palta,,7063.52,142530.16999999998,20178.348755294806,3.9371667210967933,0.017523053420288478,29.24518545226556,13.02798579572429
2020,Pan de árbol,,0.0,0.0,0.0,0.0,0.017523053420288478,29.24518545226556,13.02798579572429
2021,Pan de árbol,,0.0,0.0,0.0,0.0,0.017523053420288478,29.24518545226556,13.02798579572429
2020,Papa,3299.0,3298.0,115274.61000000002,34952.883565797456,0.37065291220677293,0.017523053420288478,29.24518545226556,13.02798579572429
2021,Papa,3466.5,3480.5,119440.31999999998,34317.000430972555,1.0487312996147367,0.017523053420288478,29.24518545226556,13.02798579572429
2022,Papa,3280.0,3295.0,123051.01999999997,37344.770864946884,1.4007253227157321,0.017523053420288478,29.24518545226556,13.02798579572429
2023,Papa,4138.15,4113.150000000001,136089.6,33086.466576711275,0.9984715481565087,0.017523053420288478,29.24518545226556,13.02798579572429
2020,Papaya,,51.85,474.85,9158.14850530376,1.827966726334632,0.017523053420288478,29.24518545226556,13.02798579572429
2021,Papaya,,53.35,500.25000000000006,9376.757263355203,2.0069885057471266,0.017523053420288478,29.24518545226556,13.02798579572429
2022,Papaya,,55.35,614.77,11106.955736224028,2.118680156806611,0.017523053420288478,29.24518545226556,13.02798579572429
2023,Papaya,,55.35,617.77,11161.156278229448,2.236121048286579,0.017523053420288478,29.24518545226556,13.02798579572429
2020,Pasto elefante,,0.0,0.0,0.0,0.0,0.017523053420288478,29.24518545226556,13.02798579572429
2021,Pasto elefante,,0.0,0.0,0.0,0.0,0.017523053420288478,29.24518545226556,13.02798579572429
2022,Pasto elefante,,0.0,0.0,0.0,0.0,0.017523053420288478,29.24518545226556,13.02798579572429
2023,Pasto elefante,,0.0,0.0,0.0,0.0,0.017523053420288478,29.24518545226556,13.02798579572429
2020,Pecana,,1654.699,4072.476,2461.158192517189,11.764991125791777,0.017523053420288478,29.24518545226556,13.02798579572429
2021,Pecana,,1831.929,4533.447999999999,2474.6854272190676,15.330613497717412,0.017523053420288478,29.24518545226556,13.02798579572429
2022,Pecana,,1943.48,4745.06,2441.5275691028464,13.528090266508746,0.017523053420288478,29.24518545226556,13.02798579572429
2023,Pecana,,2067.28,5329.089999999999,2577.82690298363,9.287318285110592,0.017523053420288478,29.24518545226556,13.02798579572429
2020,Pepinillo,14.0,14.0,241.75,17267.85714285714,1.0432678386763186,0.017523053420288478,29.24518545226556,13.02798579572429
2021,Pepinillo,10.0,10.0,199.3,19930.0,0.9628700451580532,0.017523053420288478,29.24518545226556,13.02798579572429
2022,Pepinillo,11.0,11.0,252.58,22961.818181818184,1.147359252514055,0.017523053420288478,29.24518545226556,13.02798579572429
2023,Pepinillo,18.0,18.0,714.4,39688.88888888889,1.1658174692049272,0.017523053420288478,29.24518545226556,13.02798579572429
2020,Pepino,24.0,29.0,600.55,20708.62068965517,0.8552993089667805,0.017523053420288478,29.24518545226556,13.02798579572429
2021,Pepino,69.0,64.0,1536.065,24001.015625,1.1200209626545752,0.017523053420288478,29.24518545226556,13.02798579572429
2022,Pepino,16.0,16.0,357.5,22343.75,1.0746293706293706,0.017523053420288478,29.24518545226556,13.02798579572429
2023,Pepino,10.0,10.0,269.65999999999997,26965.999999999996,2.055931172587703,0.017523053420288478,29.24518545226556,13.02798579572429
2020,Pera,,8.5,74.3,8741.176470588234,2.475773889636608,0.017523053420288478,29.24518545226556,13.02798579572429
2021,Pera,,8.5,71.95,8464.70588235294,1.9816539263377342,0.017523053420288478,29.24518545226556,13.02798579572429
2022,Pera,,8.5,76.26,8971.764705882353,1.7930763178599525,0.017523053420288478,29.24518545226556,13.02798579572429
2023,Pera,,8.5,74.92999999999999,8815.294117647058,1.788709462164687,0.017523053420288478,29.24518545226556,13.02798579572429
2020,Perejil,0.0,,,,,0.017523053420288478,29.24518545226556,13.02798579572429
2021,Perejil,0.0,0.0,0.0,0.0,0.0,0.017523053420288478,29.24518545226556,13.02798579572429
2020,Pijuayo,,0.0,0.0,0.0,0.0,0.017523053420288478,29.24518545226556,13.02798579572429
2021,Pijuayo,,0.0,0.0,0.0,0.0,0.017523053420288478,29.24518545226556,13.02798579572429
2022,Pijuayo,,0.0,0.0,0.0,0.0,0.017523053420288478,29.24518545226556,13.02798579572429
2023,Pijuayo,,0.0,0.0,0.0,0.0,0.017523053420288478,29.24518545226556,13.02798579572429
2020,Pimiento,20.5,19.0,389.8,20515.78947368421,1.7357106208311956,0.017523053420288478,29.24518545226556,13.02798579572429
2021,Pimiento,36.0,35.0,794.825,22709.285714285717,1.9563310665869844,0.017523053420288478,29.24518545226556,13.02798579572429
2022,Pimiento,14.0,19.0,363.6,19136.84210526316,1.2475522552255225,0.017523053420288478,29.24518545226556,13.02798579572429
2023,Pimiento,29.0,29.0,650.07,22416.206896551725,1.6327380128293876,0.017523053420288478,29.24518545226556,13.02798579572429
2020,Piquillo,0.0,0.0,0.0,0.0,0.0,0.017523053420288478,29.24518545226556,13.02798579572429
2021,Piquillo,0.0,0.0,0.0,0.0,0.0,0.017523053420288478,29.24518545226556,13.02798579572429
2022,Piquillo,0.0,0.0,0.0,0.0,0.0,0.017523053420288478,29.24518545226556,13.02798579572429
2023,Piquillo,0.0,0.0,0.0,0.0,0.0,0.017523053420288478,29.24518545226556,13.02798579572429
2020,Pituca,0.0,0.0,0.0,0.0,0.0,0.017523053420288478,29.24518545226556,13.02798579572429
2021,Pituca,0.0,0.0,0.0,0.0,0.0,0.017523053420288478,29.24518545226556,13.02798579572429
2022,Pituca,0.0,0.0,0.0,0.0,0.0,0.017523053420288478,29.24518545226556,13.02798579572429
2023,Pituca,0.0,0.0,0.0,0.0,0.0,0.017523053420288478,29.24518545226556,13.02798579572429
2020,Piña,,0.0,0.0,0.0,0.0,0.017523053420288478,29.24518545226556,13.02798579572429
2021,Piña,,0.0,0.0,0.0,0.0,0.017523053420288478,29.24518545226556,13.02798579572429
2022,Piña,,0.0,0.0,0.0,0.0,0.017523053420288478,29.24518545226556,13.02798579572429
2023,Piña,,0.0,0.0,0.0,0.0,0.017523053420288478,29.24518545226556,13.02798579572429
2020,Plátano,,141.75,2626.38,18528.253968253972,1.0628918892163357,0.017523053420288478,29.24518545226556,13.02798579572429
2021,Plátano,,142.75,2667.8099999999995,18688.68651488616,1.1696025953872278,0.017523053420288478,29.24518545226556,13.02798579572429
2022,Plátano,,142.75,2654.85,18597.898423817864,1.2043923385502004,0.017523053420288478,29.24518545226556,13.02798579572429
2023,Plátano,,150.75,2721.8,18055.058043117748,1.3381995370710558,0.017523053420288478,29.24518545226556,13.02798579572429
2020,Pomarrosa,,0.0,0.0,0.0,0.0,0.017523053420288478,29.24518545226556,13.02798579572429
2021,Pomarrosa,,0.0,0.0,0.0,0.0,0.017523053420288478,29.24518545226556,13.02798579572429
2022,Pomarrosa,,0.0,0.0,0.0,0.0,0.017523053420288478,29.24518545226556,13.02798579572429
2023,Pomarrosa,,0.0,0.0,0.0,0.0,0.017523053420288478,29.24518545226556,13.02798579572429
2020,Poro,0.0,0.0,0.0,0.0,0.0,0.017523053420288478,29.24518545226556,13.02798579572429
2021,Poro,0.0,0.0,0.0,0.0,0.0,0.017523053420288478,29.24518545226556,13.02798579572429
2022,Poro,0.0,0.0,0.0,0.0,0.0,0.017523053420288478,29.24518545226556,13.02798579572429
2023,Poro,0.0,0.0,0.0,0.0,0.0,0.017523053420288478,29.24518545226556,13.02798579572429
2020,Páprika,251.5,211.5,1337.6899999999998,6324.775413711583,5.579881736426228,0.017523053420288478,29.24518545226556,13.02798579572429
2021,Páprika,438.5,470.5,2914.9429999999998,6195.415515409139,5.626662058228926,0.017523053420288478,29.24518545226556,13.02798579572429
2022,Páprika,568.0,590.0,3800.2700000000004,6441.13559322034,7.432459535769825,0.017523053420288478,29.24518545226556,13.02798579572429
2023,Páprika,791.5,853.5,5086.35,5959.402460456942,12.924706518426767,0.017523053420288478,29.24518545226556,13.02798579572429
2020,Quinua,17.0,17.0,37.8,2223.5294117647054,4.250000000000001,0.017523053420288478,29.24518545226556,13.02798579572429
2021,Quinua,20.0,20.0,46.699,2334.9500000000003,3.9941776055161777,0.017523053420288478,29.24518545226556,13.02798579572429
2022,Quinua,9.0,9.0,24.459999999999997,2717.777777777778,4.5092804578904335,0.017523053420288478,29.24518545226556,13.02798579572429
2023,Quinua,10.0,10.0,24.28,2428.0,3.7317545304777586,0.017523053420288478,29.24518545226556,13.02798579572429
2020,Rabanito,12.0,12.0,75.17,6264.166666666667,0.9192470400425702,0.017523053420288478,29.24518545226556,13.02798579572429
2021,Rabanito,12.0,12.0,74.41999999999999,6201.666666666665,0.9115345337274927,0.017523053420288478,29.24518545226556,13.02798579572429
2022,Rabanito,5.0,1.0,6.12,6120.0,0.93,0.017523053420288478,29.24518545226556,13.02798579572429
2023,Rabanito,5.0,7.0,45.269999999999996,6467.142857142856,1.2,0.017523053420288478,29.24518545226556,13.02798579572429
2020,Rocoto,0.0,0.0,0.0,0.0,0.0,0.017523053420288478,29.24518545226556,13.02798579572429
2021,Rocoto,0.0,0.0,0.0,0.0,0.0,0.017523053420288478,29.24518545226556,13.02798579572429
2022,Rocoto,0.0,0.0,0.0,0.0,0.0,0.017523053420288478,29.24518545226556,13.02798579572429
2023,Rocoto,0.0,0.0,0.0,0.0,0.0,0.017523053420288478,29.24518545226556,13.02798579572429
2020,Rye grass,,0.0,0.0,0.0,0.0,0.017523053420288478,29.24518545226556,13.02798579572429
2021,Rye grass,,0.0,0.0,0.0,0.0,0.017523053420288478,29.24518545226556,13.02798579572429
2022,Rye grass,,0.0,0.0,0.0,0.0,0.017523053420288478,29.24518545226556,13.02798579572429
2023,Rye grass,,0.0,0.0,0.0,0.0,0.017523053420288478,29.24518545226556,13.02798579572429
2020,Sacha inchi,,0.0,0.0,0.0,0.0,0.017523053420288478,29.24518545226556,13.02798579572429
2021,Sacha inchi,,0.0,0.0,0.0,0.0,0.017523053420288478,29.24518545226556,13.02798579572429
2022,Sacha inchi,,0.0,0.0,0.0,0.0,0.017523053420288478,29.24518545226556,13.02798579572429
2023,Sacha inchi,,0.0,0.0,0.0,0.0,0.017523053420288478,29.24518545226556,13.02798579572429
2020,Sandía,513.0,480.5,19323.118,40214.605619146714,0.5680399897159454,0.017523053420288478,29.24518545226556,13.02798579572429
2021,Sandía,479.5,527.5,22981.539000000004,43566.898578199056,0.6274894875404122,0.017523053420288478,29.24518545226556,13.02798579572429
2022,Sandía,516.0,511.5,24023.309999999998,46966.39296187683,0.7072937034904849,0.017523053420288478,29.24518545226556,13.02798579572429
2023,Sandía,862.5,930.0,49943.13,53702.290322580644,0.6829200532685877,0.017523053420288478,29.24518545226556,13.02798579572429
2020,Sauco,,0.0,0.0,0.0,0.0,0.017523053420288478,29.24518545226556,13.02798579572429
2021,Sauco,,0.0,0.0,0.0,0.0,0.017523053420288478,29.24518545226556,13.02798579572429
2022,Sauco,,0.0,0.0,0.0,0.0,0.017523053420288478,29.24518545226556,13.02798579572429
2023,Sauco,,0.0,0.0,0.0,0.0,0.017523053420288478,29.24518545226556,13.02798579572429
2020,Sorgo grano,0.0,0.0,0.0,0.0,0.0,0.017523053420288478,29.24518545226556,13.02798579572429
2021,Sorgo grano,0.0,0.0,0.0,0.0,0.0,0.017523053420288478,29.24518545226556,13.02798579572429
2022,Sorgo grano,0.0,0.0,0.0,0.0,0.0,0.017523053420288478,29.24518545226556,13.02798579572429
2023,Sorgo grano,0.0,0.0,0.0,0.0,0.0,0.017523053420288478,29.24518545226556,13.02798579572429
2020,Soya,0.0,0.0,0.0,0.0,0.0,0.017523053420288478,29.24518545226556,13.02798579572429
2021,Soya,0.0,0.0,0.0,0.0,0.0,0.017523053420288478,29.24518545226556,13.02798579572429
2022,Soya,0.0,0.0,0.0,0.0,0.0,0.017523053420288478,29.24518545226556,13.02798579572429
2023,Soya,0.0,0.0,0.0,0.0,0.0,0.017523053420288478,29.24518545226556,13.02798579572429
2020,Tamarindo,,0.0,0.0,0.0,0.0,0.017523053420288478,29.24518545226556,13.02798579572429
2021,Tamarindo,,0.0,0.0,0.0,0.0,0.017523053420288478,29.24518545226556,13.02798579572429
2022,Tamarindo,,0.0,0.0,0.0,0.0,0.017523053420288478,29.24518545226556,13.02798579572429
2023,Tamarindo,,0.0,0.0,0.0,0.0,0.017523053420288478,29.24518545226556,13.02798579572429
2020,Tangelo,,745.8200000000002,30592.619,41018.76994449062,0.8292346987356657,0.017523053420288478,29.24518545226556,13.02798579572429
2021,Tangelo,,646.07,29925.270000000004,46318.928289504234,0.8774504958518335,0.017523053420288478,29.24518545226556,13.02798579572429
2022,Tangelo,,653.07,24506.43,37524.96669576002,1.1431728734050615,0.017523053420288478,29.24518545226556,13.02798579572429
2023,Tangelo,,628.0699999999999,25021.34,39838.45749677584,1.1448599475487722,0.017523053420288478,29.24518545226556,13.02798579572429
2020,Taperibá,,0.0,0.0,0.0,0.0,0.017523053420288478,29.24518545226556,13.02798579572429
2021,Taperibá,,0.0,0.0,0.0,0.0,0.017523053420288478,29.24518545226556,13.02798579572429
2022,Taperibá,,0.0,0.0,0.0,0.0,0.017523053420288478,29.24518545226556,13.02798579572429
2023,Taperibá,,0.0,0.0,0.0,0.0,0.017523053420288478,29.24518545226556,13.02798579572429
2020,Tarhui,0.0,0.0,0.0,0.0,0.0,0.017523053420288478,29.24518545226556,13.02798579572429
2021,Tarhui,0.0,0.0,0.0,0.0,0.0,0.017523053420288478,29.24518545226556,13.02798579572429
2022,Tarhui,0.0,0.0,0.0,0.0,0.0,0.017523053420288478,29.24518545226556,13.02798579572429
2023,Tarhui,0.0,0.0,0.0,0.0,0.0,0.017523053420288478,29.24518545226556,13.02798579572429
2020,Tomate,1054.0,1031.5,106784.34,103523.35433834222,1.0748077667568108,0.017523053420288478,29.24518545226556,13.02798579572429
2021,Tomate,1163.0,1256.5,129067.956,102720.21965777955,1.046685066818599,0.017523053420288478,29.24518545226556,13.02798579572429
2022,Tomate,934.0,983.0,100305.47999999998,102040.16276703966,1.0900386698712772,0.017523053420288478,29.24518545226556,13.02798579572429
2023,Tomate,1052.0,1121.0,115196.45999999999,102762.2301516503,1.3875402594836685,0.017523053420288478,29.24518545226556,13.02798579572429
2020,Toronja,,13.5,431.0,31925.925925925927,1.048723897911833,0.017523053420288478,29.24518545226556,13.02798579572429
2021,Toronja,,14.5,448.5,30931.03448275862,0.9881828316610926,0.017523053420288478,29.24518545226556,13.02798579572429
2022,Toronja,,19.0,721.8,37989.47368421053,1.991825990579108,0.017523053420288478,29.24518545226556,13.02798579572429
2023,Toronja,,114.5,5012.25,43775.10917030567,1.9995111975659632,0.017523053420288478,29.24518545226556,13.02798579572429
2020,Trebol,,0.0,0.0,0.0,0.0,0.017523053420288478,29.24518545226556,13.02798579572429
2021,Trebol,,0.0,0.0,0.0,0.0,0.017523053420288478,29.24518545226556,13.02798579572429
2022,Trebol,,0.0,0.0,0.0,0.0,0.017523053420288478,29.24518545226556,13.02798579572429
2023,Trebol,,0.0,0.0,0.0,0.0,0.017523053420288478,29.24518545226556,13.02798579572429
2020,Trigo,23.0,23.0,60.1,2613.04347826087,2.3700499168053244,0.017523053420288478,29.24518545226556,13.02798579572429
2021,Trigo,15.0,15.0,38.776,2585.066666666667,2.3638797194140704,0.017523053420288478,29.24518545226556,13.02798579572429
2022,Trigo,29.0,29.0,65.48,2257.9310344827586,2.6465638362858885,0.017523053420288478,29.24518545226556,13.02798579572429
2023,Trigo,32.0,32.0,68.35,2135.9375,2.425530358449159,0.017523053420288478,29.24518545226556,13.02798579572429
2021,Tumbo,,0.0,0.0,0.0,0.0,0.017523053420288478,29.24518545226556,13.02798579572429
2020,Tuna,,409.0,927.048,2266.6210268948657,1.883500099239737,0.017523053420288478,29.24518545226556,13.02798579572429
2021,Tuna,,417.5,947.0,2268.263473053892,2.033743400211193,0.017523053420288478,29.24518545226556,13.02798579572429
2022,Tuna,,415.5,955.33,2299.2298435619737,2.0903405106088995,0.017523053420288478,29.24518545226556,13.02798579572429
2023,Tuna,,333.0,769.0500000000001,2309.4594594594596,2.29767895455432,0.017523053420288478,29.24518545226556,13.02798579572429
2020,Té,,0.0,0.0,0.0,0.0,0.017523053420288478,29.24518545226556,13.02798579572429
2021,Té,,0.0,0.0,0.0,0.0,0.017523053420288478,29.24518545226556,13.02798579572429
2022,Té,,0.0,0.0,0.0,0.0,0.017523053420288478,29.24518545226556,13.02798579572429
2023,Té,,0.0,0.0,0.0,0.0,0.017523053420288478,29.24518545226556,13.02798579572429
2021,Umari,,0.0,0.0,0.0,0.0,0.017523053420288478,29.24518545226556,13.02798579572429
2021,Ungurahui,,0.0,0.0,0.0,0.0,0.017523053420288478,29.24518545226556,13.02798579572429
2020,Uva,,16965.266000000003,328763.65800000005,19378.632672190346,2.0853711117911944,0.017523053420288478,29.24518545226556,13.02798579572429
2021,Uva,,16962.296,400589.26,23616.45263117682,1.585015315387109,0.017523053420288478,29.24518545226556,13.02798579572429
2022,Uva,,17735.379999999997,439751.92000000004,24795.178902284595,1.863238982067922,0.017523053420288478,29.24518545226556,13.02798579572429
2023,Uva,,17877.379999999997,579235.25,32400.455212117216,1.9348949204963752,0.017523053420288478,29.24518545226556,13.02798579572429
2020,Vainita,3.0,3.0,12.36,4120.0,1.1,0.017523053420288478,29.24518545226556,13.02798579572429
2021,Vainita,0.0,0.0,0.0,0.0,0.0,0.017523053420288478,29.24518545226556,13.02798579572429
2022,Vainita,0.0,0.0,0.0,0.0,0.0,0.017523053420288478,29.24518545226556,13.02798579572429
2023,Vainita,0.0,0.0,0.0,0.0,0.0,0.017523053420288478,29.24518545226556,13.02798579572429
2020,Yuca,480.5,487.5,11149.929000000002,22871.649230769235,0.7829003978410982,0.017523053420288478,29.24518545226556,13.02798579572429
2021,Yuca,369.0,309.0,7258.737999999999,23491.061488673135,0.9524742386348702,0.017523053420288478,29.24518545226556,13.02798579572429
2022,Yuca,434.0,446.0,10335.39,23173.520179372197,1.2668338591964117,0.017523053420288478,29.24518545226556,13.02798579572429
2023,Yuca,414.0,402.0,9136.050000000001,22726.492537313436,1.1516055625790138,0.017523053420288478,29.24518545226556,13.02798579572429
2020,Zanahoria,8.0,8.0,142.8,17850.0,1.2,0.017523053420288478,29.24518545226556,13.02798579572429
2021,Zanahoria,2.0,2.0,40.0,20000.0,1.0,0.017523053420288478,29.24518545226556,13.02798579572429
2022,Zanahoria,6.0,6.0,116.58,19430.0,1.3544004117344315,0.017523053420288478,29.24518545226556,13.02798579572429
2023,Zanahoria,0.0,0.0,0.0,0.0,0.0,0.017523053420288478,29.24518545226556,13.02798579572429
2020,Zapallo,482.75,488.75,16580.54,33924.37851662405,0.5375514729918325,0.017523053420288478,29.24518545226556,13.02798579572429
2021,Zapallo,898.5,882.5,29323.519999999997,33227.78470254957,0.6315711295915362,0.017523053420288478,29.24518545226556,13.02798579572429
2022,Zapallo,948.0,958.0,32303.75,33719.98956158663,0.6400538018031963,0.017523053420288478,29.24518545226556,13.02798579572429
2023,Zapallo,945.0,935.0,31177.34,33344.74866310161,1.2091701376705004,0.017523053420288478,29.24518545226556,13.02798579572429
2020,Zapote,,0.0,0.0,0.0,0.0,0.017523053420288478,29.24518545226556,13.02798579572429
2021,Zapote,,0.0,0.0,0.0,0.0,0.017523053420288478,29.24518545226556,13.02798579572429
2022,Zapote,,0.0,0.0,0.0,0.0,0.017523053420288478,29.24518545226556,13.02798579572429
2023,Zapote,,0.0,0.0,0.0,0.0,0.017523053420288478,29.24518545226556,13.02798579572429
2020,Zarandaja,0.0,0.0,0.0,0.0,0.0,0.017523053420288478,29.24518545226556,13.02798579572429
2021,Zarandaja,0.0,0.0,0.0,0.0,0.0,0.017523053420288478,29.24518545226556,13.02798579572429
2022,Zarandaja,0.0,0.0,0.0,0.0,0.0,0.017523053420288478,29.24518545226556,13.02798579572429
2023,Zarandaja,0.0,0.0,0.0,0.0,0.0,0.017523053420288478,29.24518545226556,13.02798579572429
